participantId,n,r,i,e,t-e
0,${n},${r},${i},${e},${t-e}
1,${n},${r},${i},${e},${t-e}
2,${n},${r},${i},${e},${t-e}
3,${n},${r},${i},${e},${t-e}
4,${n},${r},${i},${e},${t-e}
5,${n},${r},${i},${e},${t-e}
6,${n},${r},${i},${e},${t-e}
7,${n},${r},${i},${e},${t-e}
8,${n},${r},${i},${e},${t-e}
9,${n},${r},${i},${e},${t-e}
10,${n},${r},${i},${e},${t-e}
11,${n},${r},${i},${e},${t-e}
12,${n},${r},${i},${e},${t-e}
13,${n},${r},${i},${e},${t-e}
14,${n},${r},${i},${e},${t-e}
15,${n},${r},${i},${e},${t-e}
16,${n},${r},${i},${e},${t-e}
17,${n},${r},${i},${e},${t-e}
18,${n},${r},${i},${e},${t-e}
19,${n},${r},${i},${e},${t-e}
20,${n},${r},${i},${e},${t-e}
21,${n},${r},${i},${e},${t-e}
22,${n},${r},${i},${e},${t-e}
23,${n},${r},${i},${e},${t-e}
24,${n},${r},${i},${e},${t-e}
25,${n},${r},${i},${e},${t-e}
26,${n},${r},${i},${e},${t-e}
27,${n},${r},${i},${e},${t-e}
28,${n},${r},${i},${e},${t-e}
29,${n},${r},${i},${e},${t-e}
30,${n},${r},${i},${e},${t-e}
31,${n},${r},${i},${e},${t-e}
32,${n},${r},${i},${e},${t-e}
33,${n},${r},${i},${e},${t-e}
34,${n},${r},${i},${e},${t-e}
35,${n},${r},${i},${e},${t-e}
36,${n},${r},${i},${e},${t-e}
37,${n},${r},${i},${e},${t-e}
38,${n},${r},${i},${e},${t-e}
39,${n},${r},${i},${e},${t-e}
40,${n},${r},${i},${e},${t-e}
41,${n},${r},${i},${e},${t-e}
42,${n},${r},${i},${e},${t-e}
43,${n},${r},${i},${e},${t-e}
44,${n},${r},${i},${e},${t-e}
45,${n},${r},${i},${e},${t-e}
46,${n},${r},${i},${e},${t-e}
47,${n},${r},${i},${e},${t-e}
48,${n},${r},${i},${e},${t-e}
49,${n},${r},${i},${e},${t-e}
50,${n},${r},${i},${e},${t-e}
51,${n},${r},${i},${e},${t-e}
52,${n},${r},${i},${e},${t-e}
53,${n},${r},${i},${e},${t-e}
54,${n},${r},${i},${e},${t-e}
55,${n},${r},${i},${e},${t-e}
56,${n},${r},${i},${e},${t-e}
57,${n},${r},${i},${e},${t-e}
58,${n},${r},${i},${e},${t-e}
59,${n},${r},${i},${e},${t-e}
60,${n},${r},${i},${e},${t-e}
61,${n},${r},${i},${e},${t-e}
62,${n},${r},${i},${e},${t-e}
63,${n},${r},${i},${e},${t-e}
64,${n},${r},${i},${e},${t-e}
65,${n},${r},${i},${e},${t-e}
66,${n},${r},${i},${e},${t-e}
67,${n},${r},${i},${e},${t-e}
68,${n},${r},${i},${e},${t-e}
69,${n},${r},${i},${e},${t-e}
70,${n},${r},${i},${e},${t-e}
71,${n},${r},${i},${e},${t-e}
72,${n},${r},${i},${e},${t-e}
73,${n},${r},${i},${e},${t-e}
74,${n},${r},${i},${e},${t-e}
75,${n},${r},${i},${e},${t-e}
76,${n},${r},${i},${e},${t-e}
77,${n},${r},${i},${e},${t-e}
78,${n},${r},${i},${e},${t-e}
79,${n},${r},${i},${e},${t-e}
80,${n},${r},${i},${e},${t-e}
81,${n},${r},${i},${e},${t-e}
82,${n},${r},${i},${e},${t-e}
83,${n},${r},${i},${e},${t-e}
84,${n},${r},${i},${e},${t-e}
85,${n},${r},${i},${e},${t-e}
86,${n},${r},${i},${e},${t-e}
87,${n},${r},${i},${e},${t-e}
88,${n},${r},${i},${e},${t-e}
89,${n},${r},${i},${e},${t-e}
90,${n},${r},${i},${e},${t-e}
91,${n},${r},${i},${e},${t-e}
92,${n},${r},${i},${e},${t-e}
93,${n},${r},${i},${e},${t-e}
94,${n},${r},${i},${e},${t-e}
95,${n},${r},${i},${e},${t-e}
96,${n},${r},${i},${e},${t-e}
97,${n},${r},${i},${e},${t-e}
98,${n},${r},${i},${e},${t-e}
99,${n},${r},${i},${e},${t-e}